,Model_name,CH_index_5C,CH_index_3C
0,KM,5718.2120832189175,7056.42271379295
1,Gaussian_EM_full,2031.442089160343,3011.168204915922
2,Gaussian_EM_tied,4599.774829405496,4130.954706144219
3,Gaussian_EM_diag,1972.3290044894243,2948.1415766306222
4,Gaussian_EM_spher,4937.490015783594,6213.01888082847
